booking_id,pickup_depot_id,dropoff_depot_id,pickup_at,dropoff_at,status,updated_at
B006,LIS,MAD,2026-04-15T10:00:00Z,2026-04-19T17:00:00Z,confirmed,2026-03-02T09:00:00Z
B007,OPO,FAO,2026-04-16T11:00:00Z,2026-04-20T18:00:00Z,confirmed,2026-03-02T10:00:00Z
B001,LIS,OPO,2026-04-11T09:00:00Z,2026-04-13T16:00:00Z,confirmed,2026-03-03T10:00:00+00:00
B002,LIS,BCN,2026-04-11T10:00:00Z,2026-04-14T17:00:00Z,confirmed,2026-03-03T11:00:00Z
B003,FAO,LIS,2026-04-12T08:00:00Z,2026-04-15T15:00:00Z,cancelled,2026-03-04T12:00:00Z
B004,OPO,MAD,2026-04-13T09:30:00Z,2026-04-16T18:00:00Z,confirmed,2026-03-01T13:00:00Z
B005,BCN,FAO,not-a-timestamp,2026-04-18T19:00:00Z,confirmed,2026-03-05T14:00:00Z
B901,MAD,BCN,2026-04-22T12:00:00Z,2026-04-22T12:00:00Z,confirmed,2026-03-05T15:00:00Z
B902,LIS,OPO,2026-04-23T09:00:00Z,2026-04-25T16:00:00Z,pending,2026-03-05T16:00:00Z
B904,LIS,OPO,2026-04-24T10:00:00Z,not-a-timestamp,confirmed,2026-03-05T17:00:00Z
B905,LIS,OPO,2026-04-25T09:00:00Z,2026-04-27T16:00:00Z,confirmed,not-a-timestamp
B906,LIS,OPO,2026-04-28T17:00:00Z,2026-04-28T09:00:00Z,confirmed,2026-03-05T18:00:00Z
